{
  "Use Non-ASCII Font" : false,
  "Tags" : [

  ],
  "Ansi 12 Color" : {
    "Green Component" : 0.68919539451599121,
    "Blue Component" : 0.83449238538742065,
    "Red Component" : 0.53378462791442871
  },
  "Ansi 6 Color" : {
    "Green Component" : 0.68789660930633545,
    "Blue Component" : 0.67317330837249756,
    "Red Component" : 0.38178431987762451
  },
  "Normal Font" : "Hack-Regular 16",
  "Bold Color" : {
    "Green Component" : 0.78431373834609985,
    "Blue Component" : 0.7764706015586853,
    "Red Component" : 0.77254903316497803
  },
  "Transparency" : 0,
  "Ansi 4 Color" : {
    "Green Component" : 0.68919539451599121,
    "Blue Component" : 0.83449238538742065,
    "Red Component" : 0.53378462791442871
  },
  "Ansi 5 Color" : {
    "Green Component" : 0.3565603494644165,
    "Blue Component" : 0.4274592399597168,
    "Red Component" : 0.80287587642669678
  },
  "Rows" : 25,
  "Default Bookmark" : "No",
  "Cursor Guide Color" : {
    "Red Component" : 0.70213186740875244,
    "Color Space" : "sRGB",
    "Blue Component" : 1,
    "Alpha Component" : 0.25,
    "Green Component" : 0.9268307089805603
  },
  "Non-ASCII Anti Aliased" : true,
  "Use Bright Bold" : true,
  "Ansi 10 Color" : {
    "Green Component" : 0.672210693359375,
    "Blue Component" : 0.52977806329727173,
    "Red Component" : 0.47725984454154968
  },
  "Ambiguous Double Width" : false,
  "Jobs to Ignore" : [
    "rlogin",
    "ssh",
    "slogin",
    "telnet"
  ],
  "Ansi 15 Color" : {
    "Green Component" : 0.81206071376800537,
    "Blue Component" : 0.79284101724624634,
    "Red Component" : 0.81617259979248047
  },
  "Foreground Color" : {
    "Green Component" : 0.8162265419960022,
    "Blue Component" : 0.81624037027359009,
    "Red Component" : 0.81625097990036011
  },
  "Working Directory" : "\/Users\/mattpetters",
  "Blinking Cursor" : false,
  "Disable Window Resizing" : true,
  "Sync Title" : false,
  "Prompt Before Closing 2" : false,
  "BM Growl" : true,
  "Command" : "",
  "Description" : "Default",
  "Mouse Reporting" : true,
  "Screen" : -1,
  "Selection Color" : {
    "Green Component" : 0.37464174628257751,
    "Blue Component" : 0.37512439489364624,
    "Red Component" : 0.16475556790828705
  },
  "Columns" : 80,
  "Idle Code" : 0,
  "Ansi 13 Color" : {
    "Green Component" : 0.62489771842956543,
    "Blue Component" : 0.53980922698974609,
    "Red Component" : 0.89262229204177856
  },
  "Custom Command" : "No",
  "ASCII Anti Aliased" : true,
  "Non Ascii Font" : "Monaco 12",
  "Vertical Spacing" : 1,
  "Use Bold Font" : true,
  "Option Key Sends" : 0,
  "Selected Text Color" : {
    "Green Component" : 0.78431373834609985,
    "Blue Component" : 0.7764706015586853,
    "Red Component" : 0.77254903316497803
  },
  "Background Color" : {
    "Green Component" : 0.14731092751026154,
    "Blue Component" : 0.15055646002292633,
    "Red Component" : 0.1504797488451004
  },
  "Character Encoding" : 4,
  "Ansi 11 Color" : {
    "Green Component" : 0.8399653434753418,
    "Blue Component" : 0.69206869602203369,
    "Red Component" : 0.82161557674407959
  },
  "Use Italic Font" : true,
  "Unlimited Scrollback" : false,
  "Keyboard Map" : {
    "0xf700-0x260000" : {
      "Text" : "[1;6A",
      "Action" : 10
    },
    "0x37-0x40000" : {
      "Text" : "0x1f",
      "Action" : 11
    },
    "0x32-0x40000" : {
      "Text" : "0x00",
      "Action" : 11
    },
    "0xf709-0x20000" : {
      "Text" : "[17;2~",
      "Action" : 10
    },
    "0xf70c-0x20000" : {
      "Text" : "[20;2~",
      "Action" : 10
    },
    "0xf729-0x20000" : {
      "Text" : "[1;2H",
      "Action" : 10
    },
    "0xf72b-0x40000" : {
      "Text" : "[1;5F",
      "Action" : 10
    },
    "0xf705-0x20000" : {
      "Text" : "[1;2Q",
      "Action" : 10
    },
    "0xf703-0x260000" : {
      "Text" : "[1;6C",
      "Action" : 10
    },
    "0xf700-0x220000" : {
      "Text" : "[1;2A",
      "Action" : 10
    },
    "0xf701-0x280000" : {
      "Text" : "0x1b 0x1b 0x5b 0x42",
      "Action" : 11
    },
    "0x38-0x40000" : {
      "Text" : "0x7f",
      "Action" : 11
    },
    "0x33-0x40000" : {
      "Text" : "0x1b",
      "Action" : 11
    },
    "0xf703-0x220000" : {
      "Text" : "[1;2C",
      "Action" : 10
    },
    "0xf701-0x240000" : {
      "Text" : "[1;5B",
      "Action" : 10
    },
    "0xf70d-0x20000" : {
      "Text" : "[21;2~",
      "Action" : 10
    },
    "0xf702-0x260000" : {
      "Text" : "[1;6D",
      "Action" : 10
    },
    "0xf729-0x40000" : {
      "Text" : "[1;5H",
      "Action" : 10
    },
    "0xf706-0x20000" : {
      "Text" : "[1;2R",
      "Action" : 10
    },
    "0x34-0x40000" : {
      "Text" : "0x1c",
      "Action" : 11
    },
    "0xf700-0x280000" : {
      "Text" : "0x1b 0x1b 0x5b 0x41",
      "Action" : 11
    },
    "0x2d-0x40000" : {
      "Text" : "0x1f",
      "Action" : 11
    },
    "0xf70e-0x20000" : {
      "Text" : "[23;2~",
      "Action" : 10
    },
    "0xf702-0x220000" : {
      "Text" : "[1;2D",
      "Action" : 10
    },
    "0xf703-0x280000" : {
      "Text" : "0x1b 0x1b 0x5b 0x43",
      "Action" : 11
    },
    "0xf700-0x240000" : {
      "Text" : "[1;5A",
      "Action" : 10
    },
    "0xf707-0x20000" : {
      "Text" : "[1;2S",
      "Action" : 10
    },
    "0xf70a-0x20000" : {
      "Text" : "[18;2~",
      "Action" : 10
    },
    "0x35-0x40000" : {
      "Text" : "0x1d",
      "Action" : 11
    },
    "0xf70f-0x20000" : {
      "Text" : "[24;2~",
      "Action" : 10
    },
    "0xf703-0x240000" : {
      "Text" : "[1;5C",
      "Action" : 10
    },
    "0xf701-0x260000" : {
      "Text" : "[1;6B",
      "Action" : 10
    },
    "0xf702-0x280000" : {
      "Text" : "0x1b 0x1b 0x5b 0x44",
      "Action" : 11
    },
    "0xf72b-0x20000" : {
      "Text" : "[1;2F",
      "Action" : 10
    },
    "0x36-0x40000" : {
      "Text" : "0x1e",
      "Action" : 11
    },
    "0xf708-0x20000" : {
      "Text" : "[15;2~",
      "Action" : 10
    },
    "0xf701-0x220000" : {
      "Text" : "[1;2B",
      "Action" : 10
    },
    "0xf70b-0x20000" : {
      "Text" : "[19;2~",
      "Action" : 10
    },
    "0xf702-0x240000" : {
      "Text" : "[1;5D",
      "Action" : 10
    },
    "0xf704-0x20000" : {
      "Text" : "[1;2P",
      "Action" : 10
    }
  },
  "Window Type" : 0,
  "Background Image Location" : "",
  "Blur" : false,
  "Badge Color" : {
    "Red Component" : 1,
    "Color Space" : "sRGB",
    "Blue Component" : 0,
    "Alpha Component" : 0.5,
    "Green Component" : 0.1491314172744751
  },
  "Scrollback Lines" : 1000,
  "Send Code When Idle" : false,
  "Close Sessions On End" : true,
  "Terminal Type" : "xterm-256color",
  "Visual Bell" : true,
  "Flashing Bell" : false,
  "Silence Bell" : false,
  "Ansi 14 Color" : {
    "Green Component" : 0.68789660930633545,
    "Blue Component" : 0.67317330837249756,
    "Red Component" : 0.38178431987762451
  },
  "Name" : "Default",
  "Cursor Text Color" : {
    "Green Component" : 0.12156862765550613,
    "Blue Component" : 0.12941177189350128,
    "Red Component" : 0.11372549086809158
  },
  "Shortcut" : "",
  "Cursor Color" : {
    "Green Component" : 0.78431373834609985,
    "Blue Component" : 0.7764706015586853,
    "Red Component" : 0.77254903316497803
  },
  "Ansi 0 Color" : {
    "Green Component" : 0,
    "Blue Component" : 0,
    "Red Component" : 0
  },
  "Guid" : "FC2866B9-7A55-45F5-B1DF-9C4B089DA933",
  "Horizontal Spacing" : 1,
  "Link Color" : {
    "Red Component" : 0,
    "Color Space" : "sRGB",
    "Blue Component" : 0.73423302173614502,
    "Alpha Component" : 1,
    "Green Component" : 0.35916060209274292
  },
  "Ansi 1 Color" : {
    "Green Component" : 0.23406368494033813,
    "Blue Component" : 0.22055299580097198,
    "Red Component" : 0.72970873117446899
  },
  "Ansi 2 Color" : {
    "Green Component" : 0.52839154005050659,
    "Blue Component" : 0.3756447434425354,
    "Red Component" : 0.36508485674858093
  },